use `courses_accounting`;

INSERT INTO `courses_accounting`.`directions_of_courses` (`id`, `direction`) VALUES ('1', 'Программирование и тестирование');
INSERT INTO `courses_accounting`.`directions_of_courses` (`id`, `direction`) VALUES ('2', 'Администрирование сетей');
INSERT INTO `courses_accounting`.`directions_of_courses` (`id`, `direction`) VALUES ('3', 'Разработка веб сайтов и веб приложений');
INSERT INTO `courses_accounting`.`directions_of_courses` (`id`, `direction`) VALUES ('4', 'Общие курсы');
INSERT INTO `courses_accounting`.`directions_of_courses` (`id`, `direction`) VALUES ('5', 'Компьютерная графика');
INSERT INTO `courses_accounting`.`directions_of_courses` (`id`, `direction`) VALUES ('6', 'Управление проектами, продажи, интернет маркетинг');
INSERT INTO `courses_accounting`.`directions_of_courses` (`id`, `direction`) VALUES ('7', 'Электроника, встроенные системы');
INSERT INTO `courses_accounting`.`directions_of_courses` (`id`, `direction`) VALUES ('8', 'Курсы для школьников');

INSERT INTO `courses_accounting`.`courses` (`id`, `name`, `cost`, `duration_hours`, `id_directions_of_courses`) VALUES ('1', 'Основы программирования на С#', '360', '60', '1');
INSERT INTO `courses_accounting`.`courses` (`id`, `name`, `cost`, `duration_hours`, `id_directions_of_courses`) VALUES ('2', 'Основы программирования на Java', '360', '60', '1');
INSERT INTO `courses_accounting`.`courses` (`id`, `name`, `cost`, `duration_hours`, `id_directions_of_courses`) VALUES ('3', 'Программирование на Java (продвинутый курс)', '360', '60', '1');
INSERT INTO `courses_accounting`.`courses` (`id`, `name`, `cost`, `duration_hours`, `id_directions_of_courses`) VALUES ('4', 'Тестирование программного обеспечения', '360', '60', '1');
INSERT INTO `courses_accounting`.`courses` (`id`, `name`, `cost`, `duration_hours`, `id_directions_of_courses`) VALUES ('5', 'Разработка приложений для платформы Android', '360', '60', '1');
INSERT INTO `courses_accounting`.`courses` (`id`, `name`, `cost`, `duration_hours`, `id_directions_of_courses`) VALUES ('6', 'Основы программирования', '330', '56', '1');
INSERT INTO `courses_accounting`.`courses` (`id`, `name`, `cost`, `duration_hours`, `id_directions_of_courses`) VALUES ('7', 'Основы программирования на Си', '330', '56', '1');
INSERT INTO `courses_accounting`.`courses` (`id`, `name`, `cost`, `duration_hours`, `id_directions_of_courses`) VALUES ('8', 'Основы программирования на С++', '330', '56', '1');
INSERT INTO `courses_accounting`.`courses` (`id`, `name`, `cost`, `duration_hours`, `id_directions_of_courses`) VALUES ('9', 'Разработка приложений для iOS', '330', '56', '1');
INSERT INTO `courses_accounting`.`courses` (`id`, `name`, `cost`, `duration_hours`, `id_directions_of_courses`) VALUES ('10', 'Базы данных MySQL', '360', '60', '1');
INSERT INTO `courses_accounting`.`courses` (`id`, `name`, `cost`, `duration_hours`, `id_directions_of_courses`) VALUES ('11', 'Администрирование сетей на базе Windows Server', '250', '40', '2');
INSERT INTO `courses_accounting`.`courses` (`id`, `name`, `cost`, `duration_hours`, `id_directions_of_courses`) VALUES ('12', 'Системное администрирование: управление инфраструктурой', '250', '40', '2');
INSERT INTO `courses_accounting`.`courses` (`id`, `name`, `cost`, `duration_hours`, `id_directions_of_courses`) VALUES ('13', 'Программирование на PHP (общий курс)', '350', '60', '3');
INSERT INTO `courses_accounting`.`courses` (`id`, `name`, `cost`, `duration_hours`, `id_directions_of_courses`) VALUES ('14', 'Программирование на PHP (продвинутый курс)', '350', '60', '3');
INSERT INTO `courses_accounting`.`courses` (`id`, `name`, `cost`, `duration_hours`, `id_directions_of_courses`) VALUES ('15', 'Создание веб-приложений в ASP.NET', '350', '60', '3');
INSERT INTO `courses_accounting`.`courses` (`id`, `name`, `cost`, `duration_hours`, `id_directions_of_courses`) VALUES ('16', 'HTML5 & CSS3. Верстка сайтов.', '330', '60', '3');
INSERT INTO `courses_accounting`.`courses` (`id`, `name`, `cost`, `duration_hours`, `id_directions_of_courses`) VALUES ('17', 'Веб-программирование на JavaScript', '330', '60', '3');
INSERT INTO `courses_accounting`.`courses` (`id`, `name`, `cost`, `duration_hours`, `id_directions_of_courses`) VALUES ('18', 'Создание сайтов на CMS (WORDPRESS DRUPAL JOOMLA)', '330', '60', '3');
INSERT INTO `courses_accounting`.`courses` (`id`, `name`, `cost`, `duration_hours`, `id_directions_of_courses`) VALUES ('19', 'Компьютерные курсы для начинающих', '260', '40', '4');
INSERT INTO `courses_accounting`.`courses` (`id`, `name`, `cost`, `duration_hours`, `id_directions_of_courses`) VALUES ('20', 'Интернет для всех', '100', '15', '4');
INSERT INTO `courses_accounting`.`courses` (`id`, `name`, `cost`, `duration_hours`, `id_directions_of_courses`) VALUES ('21', 'Обработка растровых изображений в Adobe Photoshop', '250', '40', '5');
INSERT INTO `courses_accounting`.`courses` (`id`, `name`, `cost`, `duration_hours`, `id_directions_of_courses`) VALUES ('22', 'Обработка векторных изображений в CorelDraw (базовый курс)', '250', '40', '5');
INSERT INTO `courses_accounting`.`courses` (`id`, `name`, `cost`, `duration_hours`, `id_directions_of_courses`) VALUES ('23', 'Семинар “Как заработать в IT”', '100', '12', '6');
INSERT INTO `courses_accounting`.`courses` (`id`, `name`, `cost`, `duration_hours`, `id_directions_of_courses`) VALUES ('24', 'Комплексный Интернет-маркетинг', '320', '36', '6');

INSERT INTO `courses_accounting`.`lessons` (`id`, `sequence_number`, `name`, `id_courses`) VALUES ('1 ', '1 ', 'Введение в С# и .NET Framework ', '1');
INSERT INTO `courses_accounting`.`lessons` (`id`, `sequence_number`, `name`, `id_courses`) VALUES ('2 ', '2 ', 'Основы ООП ', '1');
INSERT INTO `courses_accounting`.`lessons` (`id`, `sequence_number`, `name`, `id_courses`) VALUES ('3 ', '3 ', 'Углубленные основы ООП. Жизненный цикл объекта ', '1');
INSERT INTO `courses_accounting`.`lessons` (`id`, `sequence_number`, `name`, `id_courses`) VALUES ('4 ', '4 ', 'WPF ', '1');
INSERT INTO `courses_accounting`.`lessons` (`id`, `sequence_number`, `name`, `id_courses`) VALUES ('5 ', '5 ', 'Средства Ввода/Вывода ', '1');
INSERT INTO `courses_accounting`.`lessons` (`id`, `sequence_number`, `name`, `id_courses`) VALUES ('6 ', '6 ', 'Делегаты и события ', '1');
INSERT INTO `courses_accounting`.`lessons` (`id`, `sequence_number`, `name`, `id_courses`) VALUES ('7 ', '7 ', 'LINQ ', '1');
INSERT INTO `courses_accounting`.`lessons` (`id`, `sequence_number`, `name`, `id_courses`) VALUES ('8 ', '8 ', 'Понятие сборки. Отражение ', '1');
INSERT INTO `courses_accounting`.`lessons` (`id`, `sequence_number`, `name`, `id_courses`) VALUES ('9 ', '9 ', 'Многопоточное программирование ', '1');
INSERT INTO `courses_accounting`.`lessons` (`id`, `sequence_number`, `name`, `id_courses`) VALUES ('10 ', '10 ', 'Работа с XML ', '1');
INSERT INTO `courses_accounting`.`lessons` (`id`, `sequence_number`, `name`, `id_courses`) VALUES ('11 ', '11 ', 'Архитектура приложений ', '1');
INSERT INTO `courses_accounting`.`lessons` (`id`, `sequence_number`, `name`, `id_courses`) VALUES ('12 ', '12 ', 'Распределенные приложения. WCF ', '1');
INSERT INTO `courses_accounting`.`lessons` (`id`, `sequence_number`, `name`, `id_courses`) VALUES ('13 ', '13 ', 'Введение в SQL ', '1');
INSERT INTO `courses_accounting`.`lessons` (`id`, `sequence_number`, `name`, `id_courses`) VALUES ('14 ', '14 ', 'Доступ к данным с использованием ADO.NET ', '1');
INSERT INTO `courses_accounting`.`lessons` (`id`, `sequence_number`, `name`, `id_courses`) VALUES ('15 ', '15 ', 'Паттерны проектирования. Реализация проекта ', '1');

INSERT INTO `courses_accounting`.`lessons` (`id`, `sequence_number`, `name`, `id_courses`) VALUES ('16 ', '1 ', 'Введение в Java-программирование. Синтаксис языка. Переменные. Операторы ', '2');
INSERT INTO `courses_accounting`.`lessons` (`id`, `sequence_number`, `name`, `id_courses`) VALUES ('17 ', '2 ', 'Класс Scanner. Операторы управления. Циклы. ', '2');
INSERT INTO `courses_accounting`.`lessons` (`id`, `sequence_number`, `name`, `id_courses`) VALUES ('18 ', '3 ', 'Массивы. Работа с библиотечными классами ', '2');
INSERT INTO `courses_accounting`.`lessons` (`id`, `sequence_number`, `name`, `id_courses`) VALUES ('19 ', '4 ', 'Принципы ООП. ', '2');
INSERT INTO `courses_accounting`.`lessons` (`id`, `sequence_number`, `name`, `id_courses`) VALUES ('20 ', '5 ', 'Классы и объекты ', '2');
INSERT INTO `courses_accounting`.`lessons` (`id`, `sequence_number`, `name`, `id_courses`) VALUES ('21 ', '6 ', 'Наследование. Класс Object. ', '2');
INSERT INTO `courses_accounting`.`lessons` (`id`, `sequence_number`, `name`, `id_courses`) VALUES ('22 ', '7 ', 'Абстрактные классы. Интерфейсы ', '2');
INSERT INTO `courses_accounting`.`lessons` (`id`, `sequence_number`, `name`, `id_courses`) VALUES ('23 ', '8 ', 'Исключения ', '2');
INSERT INTO `courses_accounting`.`lessons` (`id`, `sequence_number`, `name`, `id_courses`) VALUES ('24 ', '9 ', 'Ввод-вывод данных ', '2');
INSERT INTO `courses_accounting`.`lessons` (`id`, `sequence_number`, `name`, `id_courses`) VALUES ('25 ', '10 ', 'Параметризация. Коллекции ', '2');
INSERT INTO `courses_accounting`.`lessons` (`id`, `sequence_number`, `name`, `id_courses`) VALUES ('26 ', '11 ', 'Основы баз данных ', '2');
INSERT INTO `courses_accounting`.`lessons` (`id`, `sequence_number`, `name`, `id_courses`) VALUES ('27 ', '12 ', 'JDBC: Программирование баз данных в java ', '2');
INSERT INTO `courses_accounting`.`lessons` (`id`, `sequence_number`, `name`, `id_courses`) VALUES ('28 ', '13 ', 'Потоки. Многопоточность. Знакомство с JFC и SWING ', '2');
INSERT INTO `courses_accounting`.`lessons` (`id`, `sequence_number`, `name`, `id_courses`) VALUES ('29 ', '14 ', 'Элементы библиотеки SWING. Обработка событий ', '2');
INSERT INTO `courses_accounting`.`lessons` (`id`, `sequence_number`, `name`, `id_courses`) VALUES ('30 ', '15 ', 'Итоговое занятие. ', '2');

INSERT INTO `courses_accounting`.`lessons` (`id`, `sequence_number`, `name`, `id_courses`) VALUES ('31 ', '1 ', 'Клиент-серверная модель веб-приложений ', '3');
INSERT INTO `courses_accounting`.`lessons` (`id`, `sequence_number`, `name`, `id_courses`) VALUES ('32 ', '2 ', 'Основы Servlet ', '3');
INSERT INTO `courses_accounting`.`lessons` (`id`, `sequence_number`, `name`, `id_courses`) VALUES ('33 ', '3 ', 'Основы Servlet ', '3');
INSERT INTO `courses_accounting`.`lessons` (`id`, `sequence_number`, `name`, `id_courses`) VALUES ('34 ', '4 ', 'Основы JSP ', '3');
INSERT INTO `courses_accounting`.`lessons` (`id`, `sequence_number`, `name`, `id_courses`) VALUES ('35 ', '5 ', 'Библиотеки тегов (tag libraries) и JSTL ', '3');
INSERT INTO `courses_accounting`.`lessons` (`id`, `sequence_number`, `name`, `id_courses`) VALUES ('36 ', '6 ', 'JDBC ', '3');
INSERT INTO `courses_accounting`.`lessons` (`id`, `sequence_number`, `name`, `id_courses`) VALUES ('37 ', '7 ', 'JDBC ', '3');
INSERT INTO `courses_accounting`.`lessons` (`id`, `sequence_number`, `name`, `id_courses`) VALUES ('38 ', '8 ', 'RMI (работа с удаленными объектами) ', '3');
INSERT INTO `courses_accounting`.`lessons` (`id`, `sequence_number`, `name`, `id_courses`) VALUES ('39 ', '9 ', 'Web сервисы ', '3');
INSERT INTO `courses_accounting`.`lessons` (`id`, `sequence_number`, `name`, `id_courses`) VALUES ('40 ', '10 ', 'Инструменты для сборки приложений (Apache Ant) ', '3');
INSERT INTO `courses_accounting`.`lessons` (`id`, `sequence_number`, `name`, `id_courses`) VALUES ('41 ', '11 ', 'Основы тестирования JUnit ', '3');
INSERT INTO `courses_accounting`.`lessons` (`id`, `sequence_number`, `name`, `id_courses`) VALUES ('42 ', '12 ', 'Логирование работы приложений log4j ', '3');
INSERT INTO `courses_accounting`.`lessons` (`id`, `sequence_number`, `name`, `id_courses`) VALUES ('43 ', '13 ', 'Основы безопасности ', '3');
INSERT INTO `courses_accounting`.`lessons` (`id`, `sequence_number`, `name`, `id_courses`) VALUES ('44 ', '14 ', 'Логирование работы приложений log4j ', '3');
INSERT INTO `courses_accounting`.`lessons` (`id`, `sequence_number`, `name`, `id_courses`) VALUES ('45 ', '15 ', 'Итоговый тест ', '3');

INSERT INTO `courses_accounting`.`lessons` (`id`, `sequence_number`, `name`, `id_courses`) VALUES ('46 ', '1 ', 'Введение в тестирование ПО ', '4');
INSERT INTO `courses_accounting`.`lessons` (`id`, `sequence_number`, `name`, `id_courses`) VALUES ('47 ', '2 ', 'Тестирование ПО и его связь с жизненным циклом ПО ', '4');
INSERT INTO `courses_accounting`.`lessons` (`id`, `sequence_number`, `name`, `id_courses`) VALUES ('48 ', '3 ', 'Планирование тестовых испытаний ', '4');
INSERT INTO `courses_accounting`.`lessons` (`id`, `sequence_number`, `name`, `id_courses`) VALUES ('49 ', '4 ', 'Тестирование документации и требований ', '4');
INSERT INTO `courses_accounting`.`lessons` (`id`, `sequence_number`, `name`, `id_courses`) VALUES ('50 ', '5 ', 'Разработка тестов ', '4');
INSERT INTO `courses_accounting`.`lessons` (`id`, `sequence_number`, `name`, `id_courses`) VALUES ('51 ', '6 ', 'Поиск и документирование дефектов ', '4');
INSERT INTO `courses_accounting`.`lessons` (`id`, `sequence_number`, `name`, `id_courses`) VALUES ('52 ', '7 ', 'Документирование результатов тестирования ', '4');
INSERT INTO `courses_accounting`.`lessons` (`id`, `sequence_number`, `name`, `id_courses`) VALUES ('53 ', '8 ', 'Автоматизация тестирования ', '4');
INSERT INTO `courses_accounting`.`lessons` (`id`, `sequence_number`, `name`, `id_courses`) VALUES ('54 ', '9 ', 'Тестирование безопасности ', '4');
INSERT INTO `courses_accounting`.`lessons` (`id`, `sequence_number`, `name`, `id_courses`) VALUES ('55 ', '10 ', 'Тестирование юзабилити ', '4');
INSERT INTO `courses_accounting`.`lessons` (`id`, `sequence_number`, `name`, `id_courses`) VALUES ('56 ', '11 ', 'Модульное тестирование ', '4');
INSERT INTO `courses_accounting`.`lessons` (`id`, `sequence_number`, `name`, `id_courses`) VALUES ('57 ', '12 ', 'Итоги и перспективы ', '4');

INSERT INTO `courses_accounting`.`lessons` (`id`, `sequence_number`, `name`, `id_courses`) VALUES ('58 ', '1 ', 'Базовые сведения о платформе Android ', '5');
INSERT INTO `courses_accounting`.`lessons` (`id`, `sequence_number`, `name`, `id_courses`) VALUES ('59 ', '2 ', 'Графический интерфейс пользователя ', '5');
INSERT INTO `courses_accounting`.`lessons` (`id`, `sequence_number`, `name`, `id_courses`) VALUES ('60 ', '3 ', 'Базовые виджеты (окончание) ', '5');
INSERT INTO `courses_accounting`.`lessons` (`id`, `sequence_number`, `name`, `id_courses`) VALUES ('61 ', '4 ', 'Уведомления. Диалоговые окна. Меню ', '5');
INSERT INTO `courses_accounting`.`lessons` (`id`, `sequence_number`, `name`, `id_courses`) VALUES ('62 ', '5 ', 'Управление деятельностями. Службы ', '5');
INSERT INTO `courses_accounting`.`lessons` (`id`, `sequence_number`, `name`, `id_courses`) VALUES ('63 ', '6 ', 'Приемники широковещательных намерений ', '5');
INSERT INTO `courses_accounting`.`lessons` (`id`, `sequence_number`, `name`, `id_courses`) VALUES ('64 ', '7 ', 'База данных SQLite. ', '5');
INSERT INTO `courses_accounting`.`lessons` (`id`, `sequence_number`, `name`, `id_courses`) VALUES ('65 ', '8 ', 'Контент-провайдеры. ', '5');
INSERT INTO `courses_accounting`.`lessons` (`id`, `sequence_number`, `name`, `id_courses`) VALUES ('66 ', '9 ', 'Ресурсы, активы и локализация приложений ', '5');
INSERT INTO `courses_accounting`.`lessons` (`id`, `sequence_number`, `name`, `id_courses`) VALUES ('67 ', '10 ', 'Графика. Создание анимации ', '5');
INSERT INTO `courses_accounting`.`lessons` (`id`, `sequence_number`, `name`, `id_courses`) VALUES ('68 ', '11 ', 'Местоположение и навигация ', '5');
INSERT INTO `courses_accounting`.`lessons` (`id`, `sequence_number`, `name`, `id_courses`) VALUES ('69 ', '12 ', 'Новые элементы интерфейса ', '5');
INSERT INTO `courses_accounting`.`lessons` (`id`, `sequence_number`, `name`, `id_courses`) VALUES ('70 ', '13 ', 'Новые элементы интерфейса (окончание) ', '5');
INSERT INTO `courses_accounting`.`lessons` (`id`, `sequence_number`, `name`, `id_courses`) VALUES ('71 ', '14 ', 'Кастомизация интерфейса ', '5');

INSERT INTO `courses_accounting`.`lessons` (`id`, `sequence_number`, `name`, `id_courses`) VALUES ('72 ', '1 ', 'Что такое программирование ', '6');
INSERT INTO `courses_accounting`.`lessons` (`id`, `sequence_number`, `name`, `id_courses`) VALUES ('73 ', '2 ', 'Разработка программ ', '6');
INSERT INTO `courses_accounting`.`lessons` (`id`, `sequence_number`, `name`, `id_courses`) VALUES ('74 ', '3 ', 'Разработка алгоритма ', '6');
INSERT INTO `courses_accounting`.`lessons` (`id`, `sequence_number`, `name`, `id_courses`) VALUES ('75 ', '4 ', 'Переменные, массивы, управляющие структуры ', '6');
INSERT INTO `courses_accounting`.`lessons` (`id`, `sequence_number`, `name`, `id_courses`) VALUES ('76 ', '5 ', 'Разбиение программ на модули (функции) ', '6');
INSERT INTO `courses_accounting`.`lessons` (`id`, `sequence_number`, `name`, `id_courses`) VALUES ('77 ', '6 ', 'Объектно-ориентированное проектирование ', '6');
INSERT INTO `courses_accounting`.`lessons` (`id`, `sequence_number`, `name`, `id_courses`) VALUES ('78 ', '7 ', 'WEB - разработка ', '6');
INSERT INTO `courses_accounting`.`lessons` (`id`, `sequence_number`, `name`, `id_courses`) VALUES ('79 ', '8 ', 'Разработка приложений для настольного компьютера ', '6');
INSERT INTO `courses_accounting`.`lessons` (`id`, `sequence_number`, `name`, `id_courses`) VALUES ('80 ', '9 ', 'Разработка приложений для мобильных платформ ', '6');
INSERT INTO `courses_accounting`.`lessons` (`id`, `sequence_number`, `name`, `id_courses`) VALUES ('81 ', '10 ', 'Современные профессии в IT ', '6');
INSERT INTO `courses_accounting`.`lessons` (`id`, `sequence_number`, `name`, `id_courses`) VALUES ('82 ', '11 ', 'Как найти работу в IT ', '6');
INSERT INTO `courses_accounting`.`lessons` (`id`, `sequence_number`, `name`, `id_courses`) VALUES ('83 ', '12 ', 'Фриланс ', '6');

INSERT INTO `courses_accounting`.`lessons` (`id`, `sequence_number`, `name`, `id_courses`) VALUES ('84 ', '1 ', 'Введение в язык С ', '7');
INSERT INTO `courses_accounting`.`lessons` (`id`, `sequence_number`, `name`, `id_courses`) VALUES ('85 ', '2 ', 'Операторы ', '7');
INSERT INTO `courses_accounting`.`lessons` (`id`, `sequence_number`, `name`, `id_courses`) VALUES ('86 ', '3 ', 'Функции ', '7');
INSERT INTO `courses_accounting`.`lessons` (`id`, `sequence_number`, `name`, `id_courses`) VALUES ('87 ', '4 ', 'Работа с указателями ', '7');
INSERT INTO `courses_accounting`.`lessons` (`id`, `sequence_number`, `name`, `id_courses`) VALUES ('88 ', '5 ', 'Классы памяти ', '7');
INSERT INTO `courses_accounting`.`lessons` (`id`, `sequence_number`, `name`, `id_courses`) VALUES ('89 ', '6 ', 'Одномерные массивы ', '7');
INSERT INTO `courses_accounting`.`lessons` (`id`, `sequence_number`, `name`, `id_courses`) VALUES ('90 ', '7 ', 'Двумерные массивы ', '7');
INSERT INTO `courses_accounting`.`lessons` (`id`, `sequence_number`, `name`, `id_courses`) VALUES ('91 ', '8 ', 'Символьные строки Декларация символьной строки и размещение в памяти Библиотека stirng.h и ctype.h Массив символьных строк ', '7');
INSERT INTO `courses_accounting`.`lessons` (`id`, `sequence_number`, `name`, `id_courses`) VALUES ('92 ', '9 ', 'Динамическое распределение памяти ', '7');
INSERT INTO `courses_accounting`.`lessons` (`id`, `sequence_number`, `name`, `id_courses`) VALUES ('93 ', '10 ', 'Структура ', '7');
INSERT INTO `courses_accounting`.`lessons` (`id`, `sequence_number`, `name`, `id_courses`) VALUES ('94 ', '11 ', 'Файлы ', '7');
INSERT INTO `courses_accounting`.`lessons` (`id`, `sequence_number`, `name`, `id_courses`) VALUES ('95 ', '12 ', 'Препроцессор ', '7');
INSERT INTO `courses_accounting`.`lessons` (`id`, `sequence_number`, `name`, `id_courses`) VALUES ('96 ', '13 ', 'Проверка пройденного материала ', '7');

INSERT INTO `courses_accounting`.`lessons` (`id`, `sequence_number`, `name`, `id_courses`) VALUES ('97 ', '1 ', 'Возможности С++ ', '8');
INSERT INTO `courses_accounting`.`lessons` (`id`, `sequence_number`, `name`, `id_courses`) VALUES ('98 ', '2 ', 'Возможности С++ ', '8');
INSERT INTO `courses_accounting`.`lessons` (`id`, `sequence_number`, `name`, `id_courses`) VALUES ('99 ', '3 ', 'Основы объектно-ориентированного программирования (ООП) на С++ ', '8');
INSERT INTO `courses_accounting`.`lessons` (`id`, `sequence_number`, `name`, `id_courses`) VALUES ('100 ', '4 ', 'Основы ООП на С++ (продолжение) ', '8');
INSERT INTO `courses_accounting`.`lessons` (`id`, `sequence_number`, `name`, `id_courses`) VALUES ('101 ', '5 ', 'Основы ООП на С++ (продолжение) ', '8');
INSERT INTO `courses_accounting`.`lessons` (`id`, `sequence_number`, `name`, `id_courses`) VALUES ('102 ', '6 ', 'Основы ООП на С++ (продолжение) ', '8');
INSERT INTO `courses_accounting`.`lessons` (`id`, `sequence_number`, `name`, `id_courses`) VALUES ('103 ', '7 ', 'Основы ООП на С++ (продолжение) ', '8');
INSERT INTO `courses_accounting`.`lessons` (`id`, `sequence_number`, `name`, `id_courses`) VALUES ('104 ', '8 ', 'Наследование ', '8');
INSERT INTO `courses_accounting`.`lessons` (`id`, `sequence_number`, `name`, `id_courses`) VALUES ('105 ', '9 ', 'Полиморфизм ', '8');
INSERT INTO `courses_accounting`.`lessons` (`id`, `sequence_number`, `name`, `id_courses`) VALUES ('106 ', '10 ', 'Полиморфизм ', '8');
INSERT INTO `courses_accounting`.`lessons` (`id`, `sequence_number`, `name`, `id_courses`) VALUES ('107 ', '11 ', 'Библиотека потокового ввода-вывода в С++ ', '8');
INSERT INTO `courses_accounting`.`lessons` (`id`, `sequence_number`, `name`, `id_courses`) VALUES ('108 ', '12 ', 'Библиотека потокового ввода-вывода в С++ ', '8');
INSERT INTO `courses_accounting`.`lessons` (`id`, `sequence_number`, `name`, `id_courses`) VALUES ('109 ', '13 ', 'Обработка исключительных ситуаций в С++ ', '8');
INSERT INTO `courses_accounting`.`lessons` (`id`, `sequence_number`, `name`, `id_courses`) VALUES ('110 ', '14 ', 'Классы с самоадресацией ', '8');

INSERT INTO `courses_accounting`.`lessons` (`id`, `sequence_number`, `name`, `id_courses`) VALUES ('111 ', '1 ', 'Введение ', '9');
INSERT INTO `courses_accounting`.`lessons` (`id`, `sequence_number`, `name`, `id_courses`) VALUES ('112 ', '2 ', 'Введение в Objective-C ', '9');
INSERT INTO `courses_accounting`.`lessons` (`id`, `sequence_number`, `name`, `id_courses`) VALUES ('113 ', '3 ', 'Введение в Objective-C ', '9');
INSERT INTO `courses_accounting`.`lessons` (`id`, `sequence_number`, `name`, `id_courses`) VALUES ('114 ', '4 ', 'Работа с графикой, создание пользовательских интерфейсов ', '9');
INSERT INTO `courses_accounting`.`lessons` (`id`, `sequence_number`, `name`, `id_courses`) VALUES ('115 ', '5 ', 'Введение в Core Graphics и Core Animation ', '9');
INSERT INTO `courses_accounting`.`lessons` (`id`, `sequence_number`, `name`, `id_courses`) VALUES ('116 ', '6 ', 'Элементы управления “Изнутри” ', '9');
INSERT INTO `courses_accounting`.`lessons` (`id`, `sequence_number`, `name`, `id_courses`) VALUES ('117 ', '7 ', 'Обзор задач контроллеров вида ', '9');
INSERT INTO `courses_accounting`.`lessons` (`id`, `sequence_number`, `name`, `id_courses`) VALUES ('118 ', '8 ', 'Обзор задач контроллеров вида ', '9');
INSERT INTO `courses_accounting`.`lessons` (`id`, `sequence_number`, `name`, `id_courses`) VALUES ('119 ', '9 ', 'Обзор задач контроллеров вида ', '9');
INSERT INTO `courses_accounting`.`lessons` (`id`, `sequence_number`, `name`, `id_courses`) VALUES ('120 ', '10 ', 'Использование внутренних возможностей iPhone ', '9');
INSERT INTO `courses_accounting`.`lessons` (`id`, `sequence_number`, `name`, `id_courses`) VALUES ('121 ', '11 ', 'Основы CoreData ', '9');
INSERT INTO `courses_accounting`.`lessons` (`id`, `sequence_number`, `name`, `id_courses`) VALUES ('122 ', '12 ', 'Делаем приложение лучше ', '9');
INSERT INTO `courses_accounting`.`lessons` (`id`, `sequence_number`, `name`, `id_courses`) VALUES ('123 ', '13 ', 'Дополнительные возможности ', '9');
INSERT INTO `courses_accounting`.`lessons` (`id`, `sequence_number`, `name`, `id_courses`) VALUES ('124 ', '14 ', 'Разработка и сдача проектов, подведение итогов ', '9');

INSERT INTO `courses_accounting`.`lessons` (`id`, `sequence_number`, `name`, `id_courses`) VALUES ('125 ', '1 ', 'Подготовка к работе ', '10');
INSERT INTO `courses_accounting`.`lessons` (`id`, `sequence_number`, `name`, `id_courses`) VALUES ('126 ', '2 ', 'История развития баз данных ', '10');
INSERT INTO `courses_accounting`.`lessons` (`id`, `sequence_number`, `name`, `id_courses`) VALUES ('127 ', '3 ', 'Реляционные базы данных ', '10');
INSERT INTO `courses_accounting`.`lessons` (`id`, `sequence_number`, `name`, `id_courses`) VALUES ('128 ', '4 ', 'Стандарты разработки баз данных ', '10');
INSERT INTO `courses_accounting`.`lessons` (`id`, `sequence_number`, `name`, `id_courses`) VALUES ('129 ', '5 ', 'Особенности проектирования баз данных ', '10');
INSERT INTO `courses_accounting`.`lessons` (`id`, `sequence_number`, `name`, `id_courses`) VALUES ('130 ', '6 ', 'Основы языка SQL ', '10');
INSERT INTO `courses_accounting`.`lessons` (`id`, `sequence_number`, `name`, `id_courses`) VALUES ('131 ', '7 ', 'Выборка данных ', '10');
INSERT INTO `courses_accounting`.`lessons` (`id`, `sequence_number`, `name`, `id_courses`) VALUES ('132 ', '8 ', 'Запросы на объединение ', '10');
INSERT INTO `courses_accounting`.`lessons` (`id`, `sequence_number`, `name`, `id_courses`) VALUES ('133 ', '9 ', 'Вставка данных ', '10');
INSERT INTO `courses_accounting`.`lessons` (`id`, `sequence_number`, `name`, `id_courses`) VALUES ('134 ', '10 ', 'Обновление данных ', '10');
INSERT INTO `courses_accounting`.`lessons` (`id`, `sequence_number`, `name`, `id_courses`) VALUES ('135 ', '11 ', 'Удаление данных ', '10');
INSERT INTO `courses_accounting`.`lessons` (`id`, `sequence_number`, `name`, `id_courses`) VALUES ('136 ', '12 ', 'Замена данных ', '10');
INSERT INTO `courses_accounting`.`lessons` (`id`, `sequence_number`, `name`, `id_courses`) VALUES ('137 ', '13 ', 'Операторы и функции обработки данных ', '10');
INSERT INTO `courses_accounting`.`lessons` (`id`, `sequence_number`, `name`, `id_courses`) VALUES ('138 ', '14 ', 'Управление структурами базы данных ', '10');
INSERT INTO `courses_accounting`.`lessons` (`id`, `sequence_number`, `name`, `id_courses`) VALUES ('139 ', '15 ', 'Представления ', '10');
INSERT INTO `courses_accounting`.`lessons` (`id`, `sequence_number`, `name`, `id_courses`) VALUES ('140 ', '16 ', 'Хранимые процедуры и функции ', '10');
INSERT INTO `courses_accounting`.`lessons` (`id`, `sequence_number`, `name`, `id_courses`) VALUES ('141 ', '17 ', 'Триггеры ', '10');

INSERT INTO `courses_accounting`.`lessons` (`id`, `sequence_number`, `name`, `id_courses`) VALUES ('142 ', '1 ', 'Введение ', '11');
INSERT INTO `courses_accounting`.`lessons` (`id`, `sequence_number`, `name`, `id_courses`) VALUES ('143 ', '2 ', 'Настройка среды Windows Server ', '11');
INSERT INTO `courses_accounting`.`lessons` (`id`, `sequence_number`, `name`, `id_courses`) VALUES ('144 ', '3 ', 'Мониторинг и оптимизация производительности Windows Server ', '11');
INSERT INTO `courses_accounting`.`lessons` (`id`, `sequence_number`, `name`, `id_courses`) VALUES ('145 ', '4 ', 'Управление доступом к данными на разделах NTFS ', '11');
INSERT INTO `courses_accounting`.`lessons` (`id`, `sequence_number`, `name`, `id_courses`) VALUES ('146 ', '5 ', 'Создание и администрирование учетных записей для пользователей ', '11');
INSERT INTO `courses_accounting`.`lessons` (`id`, `sequence_number`, `name`, `id_courses`) VALUES ('147 ', '6 ', 'Использование групп для управления учетными записями ', '11');
INSERT INTO `courses_accounting`.`lessons` (`id`, `sequence_number`, `name`, `id_courses`) VALUES ('148 ', '7 ', 'Понятие “Компьютерная сеть” на базе Windows Server ', '11');
INSERT INTO `courses_accounting`.`lessons` (`id`, `sequence_number`, `name`, `id_courses`) VALUES ('149 ', '8 ', 'Управление сетевой средой Microsoft Windows Server ', '11');
INSERT INTO `courses_accounting`.`lessons` (`id`, `sequence_number`, `name`, `id_courses`) VALUES ('150 ', '9 ', 'Внедрение и управление DHCP ', '11');
INSERT INTO `courses_accounting`.`lessons` (`id`, `sequence_number`, `name`, `id_courses`) VALUES ('151 ', '10 ', 'Реализация Сервера терминалов ', '11');
INSERT INTO `courses_accounting`.`lessons` (`id`, `sequence_number`, `name`, `id_courses`) VALUES ('152 ', '11 ', 'Внедрение и управление службы DNS ', '11');
INSERT INTO `courses_accounting`.`lessons` (`id`, `sequence_number`, `name`, `id_courses`) VALUES ('153 ', '12 ', 'Установка веб-сервера ', '11');
INSERT INTO `courses_accounting`.`lessons` (`id`, `sequence_number`, `name`, `id_courses`) VALUES ('154 ', '13 ', 'Управление сетями Microsoft Windows Server ', '11');
INSERT INTO `courses_accounting`.`lessons` (`id`, `sequence_number`, `name`, `id_courses`) VALUES ('155 ', '14 ', 'Создание домена Windows. Служба Active Directory ', '11');
INSERT INTO `courses_accounting`.`lessons` (`id`, `sequence_number`, `name`, `id_courses`) VALUES ('156 ', '15 ', 'Групповые Политики - GroupPolicy ', '11');

INSERT INTO `courses_accounting`.`lessons` (`id`, `sequence_number`, `name`, `id_courses`) VALUES ('157 ', '1 ', 'Резервное копирование ', '12');
INSERT INTO `courses_accounting`.`lessons` (`id`, `sequence_number`, `name`, `id_courses`) VALUES ('158 ', '2 ', 'Административные оснастки Windows ', '12');
INSERT INTO `courses_accounting`.`lessons` (`id`, `sequence_number`, `name`, `id_courses`) VALUES ('159 ', '3 ', 'Антивирусная безопасность ', '12');
INSERT INTO `courses_accounting`.`lessons` (`id`, `sequence_number`, `name`, `id_courses`) VALUES ('160 ', '4 ', 'Системы виртуализации ', '12');
INSERT INTO `courses_accounting`.`lessons` (`id`, `sequence_number`, `name`, `id_courses`) VALUES ('161 ', '5 ', 'Безопасность корпоративной сети ', '12');
INSERT INTO `courses_accounting`.`lessons` (`id`, `sequence_number`, `name`, `id_courses`) VALUES ('162 ', '6 ', 'Обзор бесплатных продуктов ', '12');
INSERT INTO `courses_accounting`.`lessons` (`id`, `sequence_number`, `name`, `id_courses`) VALUES ('163 ', '7 ', 'Лаборатория ', '12');
INSERT INTO `courses_accounting`.`lessons` (`id`, `sequence_number`, `name`, `id_courses`) VALUES ('164 ', '8 ', 'Лаборатория ', '12');
INSERT INTO `courses_accounting`.`lessons` (`id`, `sequence_number`, `name`, `id_courses`) VALUES ('165 ', '9 ', 'Лаборатория ', '12');
INSERT INTO `courses_accounting`.`lessons` (`id`, `sequence_number`, `name`, `id_courses`) VALUES ('166 ', '10 ', 'Лаборатория ', '12');

INSERT INTO `courses_accounting`.`lessons` (`id`, `sequence_number`, `name`, `id_courses`) VALUES ('167 ', '1 ', 'Подготовка рабочего места веб-программиста ', '13');
INSERT INTO `courses_accounting`.`lessons` (`id`, `sequence_number`, `name`, `id_courses`) VALUES ('168 ', '2 ', 'HTML и CSS ', '13');
INSERT INTO `courses_accounting`.`lessons` (`id`, `sequence_number`, `name`, `id_courses`) VALUES ('169 ', '3 ', 'Основы JavaScript ', '13');
INSERT INTO `courses_accounting`.`lessons` (`id`, `sequence_number`, `name`, `id_courses`) VALUES ('170 ', '4 ', 'Основы SQL ', '13');
INSERT INTO `courses_accounting`.`lessons` (`id`, `sequence_number`, `name`, `id_courses`) VALUES ('171 ', '5 ', 'Основы PHP ', '13');
INSERT INTO `courses_accounting`.`lessons` (`id`, `sequence_number`, `name`, `id_courses`) VALUES ('172 ', '6 ', 'Основы Объектно-Ориентированного Программирования в PHP ', '13');
INSERT INTO `courses_accounting`.`lessons` (`id`, `sequence_number`, `name`, `id_courses`) VALUES ('173 ', '7 ', 'Работа с базами данных в PHP ', '13');
INSERT INTO `courses_accounting`.`lessons` (`id`, `sequence_number`, `name`, `id_courses`) VALUES ('174 ', '8 ', 'Программирование списков ', '13');
INSERT INTO `courses_accounting`.`lessons` (`id`, `sequence_number`, `name`, `id_courses`) VALUES ('175 ', '9 ', 'Программирование функциональности просмотра деталей данных ', '13');
INSERT INTO `courses_accounting`.`lessons` (`id`, `sequence_number`, `name`, `id_courses`) VALUES ('176 ', '10 ', 'Программирование формы добавления нового элемента ', '13');
INSERT INTO `courses_accounting`.`lessons` (`id`, `sequence_number`, `name`, `id_courses`) VALUES ('177 ', '11 ', 'Программирование формы редактирования данных существующего элемента ', '13');
INSERT INTO `courses_accounting`.`lessons` (`id`, `sequence_number`, `name`, `id_courses`) VALUES ('178 ', '12 ', 'Объединение форм добавления нового элемента и редактирования данных существующего элемента ', '13');
INSERT INTO `courses_accounting`.`lessons` (`id`, `sequence_number`, `name`, `id_courses`) VALUES ('179 ', '13 ', 'Программирование фильтров в списках ', '13');
INSERT INTO `courses_accounting`.`lessons` (`id`, `sequence_number`, `name`, `id_courses`) VALUES ('180 ', '14 ', 'Специальные возможности PHP ', '13');
INSERT INTO `courses_accounting`.`lessons` (`id`, `sequence_number`, `name`, `id_courses`) VALUES ('181 ', '15 ', 'Основы организации веб-узлов ', '13');
INSERT INTO `courses_accounting`.`lessons` (`id`, `sequence_number`, `name`, `id_courses`) VALUES ('182 ', '16 ', 'Безопасность веб-узлов ', '13');

INSERT INTO `courses_accounting`.`lessons` (`id`, `sequence_number`, `name`, `id_courses`) VALUES ('183 ', '1 ', 'ООП в PHP. 4 патерна проектирования. ', '14');
INSERT INTO `courses_accounting`.`lessons` (`id`, `sequence_number`, `name`, `id_courses`) VALUES ('184 ', '2 ', 'MVC и HMVC. Основы работы с MVC-фрэймворками. Обзор. Выбор. Установка Kohana. Конфигурация Kohana ', '14');
INSERT INTO `courses_accounting`.`lessons` (`id`, `sequence_number`, `name`, `id_courses`) VALUES ('185 ', '3 ', 'Роутинг. Взаимодейтсвие контроллеров с шаблонами и моделями. ', '14');
INSERT INTO `courses_accounting`.`lessons` (`id`, `sequence_number`, `name`, `id_courses`) VALUES ('186 ', '4 ', 'Использование виджетов. Этапы создания проекта. ', '14');
INSERT INTO `courses_accounting`.`lessons` (`id`, `sequence_number`, `name`, `id_courses`) VALUES ('187 ', '5 ', 'Подключение модулей. Хелперы Kohana. ', '14');
INSERT INTO `courses_accounting`.`lessons` (`id`, `sequence_number`, `name`, `id_courses`) VALUES ('188 ', '6 ', 'Взаимодействие с базой данных MySQL. Использование модуля ORM. ', '14');
INSERT INTO `courses_accounting`.`lessons` (`id`, `sequence_number`, `name`, `id_courses`) VALUES ('189 ', '7 ', 'Связи ORM. ', '14');
INSERT INTO `courses_accounting`.`lessons` (`id`, `sequence_number`, `name`, `id_courses`) VALUES ('190 ', '8 ', 'Модуль авторизации. Постраничная навигация. ', '14');
INSERT INTO `courses_accounting`.`lessons` (`id`, `sequence_number`, `name`, `id_courses`) VALUES ('191 ', '9 ', 'Операции CRUD Kohana. ', '14');
INSERT INTO `courses_accounting`.`lessons` (`id`, `sequence_number`, `name`, `id_courses`) VALUES ('192 ', '10 ', 'Модуль Image. Загрузка изображений через CKeditor. ', '14');
INSERT INTO `courses_accounting`.`lessons` (`id`, `sequence_number`, `name`, `id_courses`) VALUES ('193 ', '11 ', 'Многоуровневые комментарии. ', '14');
INSERT INTO `courses_accounting`.`lessons` (`id`, `sequence_number`, `name`, `id_courses`) VALUES ('194 ', '12 ', 'Composer. Переменные окружающей среды. Установка YII. ', '14');
INSERT INTO `courses_accounting`.`lessons` (`id`, `sequence_number`, `name`, `id_courses`) VALUES ('195 ', '13 ', 'Операции CRUD YII. ', '14');
INSERT INTO `courses_accounting`.`lessons` (`id`, `sequence_number`, `name`, `id_courses`) VALUES ('196 ', '14 ', 'Этапы разработки проекта. Встроенные виджеты. Разработка собственных виджетов. ', '14');
INSERT INTO `courses_accounting`.`lessons` (`id`, `sequence_number`, `name`, `id_courses`) VALUES ('197 ', '15 ', 'Обзор рынка. ', '14');

INSERT INTO `courses_accounting`.`lessons` (`id`, `sequence_number`, `name`, `id_courses`) VALUES ('198 ', '1 ', '“.Net recovering” ', '15');
INSERT INTO `courses_accounting`.`lessons` (`id`, `sequence_number`, `name`, `id_courses`) VALUES ('199 ', '2 ', 'Работа с данными: организация доступа к внешним данным, использование XML ', '15');
INSERT INTO `courses_accounting`.`lessons` (`id`, `sequence_number`, `name`, `id_courses`) VALUES ('200 ', '3 ', 'Работа с данными: использование ADO.NET ', '15');
INSERT INTO `courses_accounting`.`lessons` (`id`, `sequence_number`, `name`, `id_courses`) VALUES ('201 ', '4 ', 'Работа с данными: использование Entity Framework 5 ', '15');
INSERT INTO `courses_accounting`.`lessons` (`id`, `sequence_number`, `name`, `id_courses`) VALUES ('202 ', '5 ', 'Архитектура Web-приложения ', '15');
INSERT INTO `courses_accounting`.`lessons` (`id`, `sequence_number`, `name`, `id_courses`) VALUES ('203 ', '6 ', 'Архитектура Web-приложения: HTML-отклик сервера. Хранение информации между сеансами ', '15');
INSERT INTO `courses_accounting`.`lessons` (`id`, `sequence_number`, `name`, `id_courses`) VALUES ('204 ', '7 ', 'ASP.NET WebForms: ASPX-страницы ', '15');
INSERT INTO `courses_accounting`.`lessons` (`id`, `sequence_number`, `name`, `id_courses`) VALUES ('205 ', '8 ', 'ASP.NET WebForms: расширение разметки Aspx страницы, Web User и Web Server Controls ', '15');
INSERT INTO `courses_accounting`.`lessons` (`id`, `sequence_number`, `name`, `id_courses`) VALUES ('206 ', '9 ', 'Безопасность в ASP.NET ', '15');
INSERT INTO `courses_accounting`.`lessons` (`id`, `sequence_number`, `name`, `id_courses`) VALUES ('207 ', '10 ', 'ASP.NET MVC 3: основы технологии. Razor-визуализация ', '15');
INSERT INTO `courses_accounting`.`lessons` (`id`, `sequence_number`, `name`, `id_courses`) VALUES ('208 ', '11 ', 'ASP.NET MVC 3: использование MVC в web-приложениях ', '15');
INSERT INTO `courses_accounting`.`lessons` (`id`, `sequence_number`, `name`, `id_courses`) VALUES ('209 ', '12 ', 'ASP.NET MVC 3: безопасность Web-приложений ', '15');
INSERT INTO `courses_accounting`.`lessons` (`id`, `sequence_number`, `name`, `id_courses`) VALUES ('210 ', '13 ', 'ASP.NET MVC 3: расширенные возможности ', '15');
INSERT INTO `courses_accounting`.`lessons` (`id`, `sequence_number`, `name`, `id_courses`) VALUES ('211 ', '14 ', 'ASP.NET 4.0 Финал курса ', '15');

INSERT INTO `courses_accounting`.`lessons` (`id`, `sequence_number`, `name`, `id_courses`) VALUES ('212 ', '1 ', 'Основы разработки веб-ресурсов ', '16');
INSERT INTO `courses_accounting`.`lessons` (`id`, `sequence_number`, `name`, `id_courses`) VALUES ('213 ', '2 ', 'Синтаксис HTML и разметка документа ', '16');
INSERT INTO `courses_accounting`.`lessons` (`id`, `sequence_number`, `name`, `id_courses`) VALUES ('214 ', '3 ', 'Работа с текстом ', '16');
INSERT INTO `courses_accounting`.`lessons` (`id`, `sequence_number`, `name`, `id_courses`) VALUES ('215 ', '4 ', 'Атрибуты элементов ', '16');
INSERT INTO `courses_accounting`.`lessons` (`id`, `sequence_number`, `name`, `id_courses`) VALUES ('216 ', '5 ', 'Списки ', '16');
INSERT INTO `courses_accounting`.`lessons` (`id`, `sequence_number`, `name`, `id_courses`) VALUES ('217 ', '6 ', 'Ссылки ', '16');
INSERT INTO `courses_accounting`.`lessons` (`id`, `sequence_number`, `name`, `id_courses`) VALUES ('218 ', '7 ', 'Изображения, мультимедиа и вставка внешних объектов ', '16');
INSERT INTO `courses_accounting`.`lessons` (`id`, `sequence_number`, `name`, `id_courses`) VALUES ('219 ', '8 ', 'Таблицы ', '16');
INSERT INTO `courses_accounting`.`lessons` (`id`, `sequence_number`, `name`, `id_courses`) VALUES ('220 ', '9 ', 'Работа с формами ', '16');
INSERT INTO `courses_accounting`.`lessons` (`id`, `sequence_number`, `name`, `id_courses`) VALUES ('221 ', '10 ', 'Основы работы с CSS ', '16');
INSERT INTO `courses_accounting`.`lessons` (`id`, `sequence_number`, `name`, `id_courses`) VALUES ('222 ', '11 ', 'Работа с параметрами шрифта ', '16');
INSERT INTO `courses_accounting`.`lessons` (`id`, `sequence_number`, `name`, `id_courses`) VALUES ('223 ', '12 ', 'Работа с текстом ', '16');
INSERT INTO `courses_accounting`.`lessons` (`id`, `sequence_number`, `name`, `id_courses`) VALUES ('224 ', '13 ', 'Стилизация ссылок ', '16');
INSERT INTO `courses_accounting`.`lessons` (`id`, `sequence_number`, `name`, `id_courses`) VALUES ('225 ', '14 ', 'Курсор ', '16');
INSERT INTO `courses_accounting`.`lessons` (`id`, `sequence_number`, `name`, `id_courses`) VALUES ('226 ', '15 ', 'Списки ', '16');
INSERT INTO `courses_accounting`.`lessons` (`id`, `sequence_number`, `name`, `id_courses`) VALUES ('227 ', '16 ', 'Таблицы ', '16');
INSERT INTO `courses_accounting`.`lessons` (`id`, `sequence_number`, `name`, `id_courses`) VALUES ('228 ', '17 ', 'Использование изображений в качестве фона ', '16');
INSERT INTO `courses_accounting`.`lessons` (`id`, `sequence_number`, `name`, `id_courses`) VALUES ('229 ', '18 ', 'Формы ', '16');
INSERT INTO `courses_accounting`.`lessons` (`id`, `sequence_number`, `name`, `id_courses`) VALUES ('230 ', '19 ', 'Блочная модель ', '16');
INSERT INTO `courses_accounting`.`lessons` (`id`, `sequence_number`, `name`, `id_courses`) VALUES ('231 ', '20 ', 'Свойство Display ', '16');
INSERT INTO `courses_accounting`.`lessons` (`id`, `sequence_number`, `name`, `id_courses`) VALUES ('232 ', '21 ', 'Свойство Float ', '16');
INSERT INTO `courses_accounting`.`lessons` (`id`, `sequence_number`, `name`, `id_courses`) VALUES ('233 ', '22 ', 'Позиционирование ', '16');
INSERT INTO `courses_accounting`.`lessons` (`id`, `sequence_number`, `name`, `id_courses`) VALUES ('234 ', '23 ', 'Видимость элементов ', '16');
INSERT INTO `courses_accounting`.`lessons` (`id`, `sequence_number`, `name`, `id_courses`) VALUES ('235 ', '24 ', 'Выбираем размерность: em, px, pt, % ', '16');
INSERT INTO `courses_accounting`.`lessons` (`id`, `sequence_number`, `name`, `id_courses`) VALUES ('236 ', '25 ', 'Практическая работа ', '16');
INSERT INTO `courses_accounting`.`lessons` (`id`, `sequence_number`, `name`, `id_courses`) VALUES ('237 ', '26 ', 'Проблемы старых браузеров ', '16');

INSERT INTO `courses_accounting`.`lessons` (`id`, `sequence_number`, `name`, `id_courses`) VALUES ('238 ', '1 ', 'Основы программирования ', '17');
INSERT INTO `courses_accounting`.`lessons` (`id`, `sequence_number`, `name`, `id_courses`) VALUES ('239 ', '2 ', 'Управляющие конструкции ', '17');
INSERT INTO `courses_accounting`.`lessons` (`id`, `sequence_number`, `name`, `id_courses`) VALUES ('240 ', '3 ', 'Функции ', '17');
INSERT INTO `courses_accounting`.`lessons` (`id`, `sequence_number`, `name`, `id_courses`) VALUES ('241 ', '4 ', 'Объекты и массивы ', '17');
INSERT INTO `courses_accounting`.`lessons` (`id`, `sequence_number`, `name`, `id_courses`) VALUES ('242 ', '5 ', 'Использование объектов JavaScript ', '17');
INSERT INTO `courses_accounting`.`lessons` (`id`, `sequence_number`, `name`, `id_courses`) VALUES ('243 ', '6 ', 'Объектно-ориентированное программирование ', '17');
INSERT INTO `courses_accounting`.`lessons` (`id`, `sequence_number`, `name`, `id_courses`) VALUES ('244 ', '7 ', 'Глобальный объект Window ', '17');
INSERT INTO `courses_accounting`.`lessons` (`id`, `sequence_number`, `name`, `id_courses`) VALUES ('245 ', '8 ', 'Объект Document, базовая модель событий ', '17');
INSERT INTO `courses_accounting`.`lessons` (`id`, `sequence_number`, `name`, `id_courses`) VALUES ('246 ', '9 ', 'Отдельные HTML элементы и работа с ними ', '17');
INSERT INTO `courses_accounting`.`lessons` (`id`, `sequence_number`, `name`, `id_courses`) VALUES ('247 ', '10 ', 'Объектная модель документа (DOM) ', '17');
INSERT INTO `courses_accounting`.`lessons` (`id`, `sequence_number`, `name`, `id_courses`) VALUES ('248 ', '11 ', 'Модель событий в объектной модели документа ', '17');
INSERT INTO `courses_accounting`.`lessons` (`id`, `sequence_number`, `name`, `id_courses`) VALUES ('249 ', '12 ', 'Введение в jQuery ', '17');

INSERT INTO `courses_accounting`.`lessons` (`id`, `sequence_number`, `name`, `id_courses`) VALUES ('250 ', '1 ', 'Что такое веб сайт ', '18');
INSERT INTO `courses_accounting`.`lessons` (`id`, `sequence_number`, `name`, `id_courses`) VALUES ('251 ', '2 ', 'CMS Joomla (начало) ', '18');
INSERT INTO `courses_accounting`.`lessons` (`id`, `sequence_number`, `name`, `id_courses`) VALUES ('252 ', '3 ', 'CMS Joomla (работа с контентом) ', '18');
INSERT INTO `courses_accounting`.`lessons` (`id`, `sequence_number`, `name`, `id_courses`) VALUES ('253 ', '4 ', 'CMS Joomla (расширение возможностей сайта) ', '18');
INSERT INTO `courses_accounting`.`lessons` (`id`, `sequence_number`, `name`, `id_courses`) VALUES ('254 ', '5 ', 'CMS Joomla (работа с модулями) ', '18');
INSERT INTO `courses_accounting`.`lessons` (`id`, `sequence_number`, `name`, `id_courses`) VALUES ('255 ', '6 ', 'CMS Joomla (общие подходы к изменению сайта "под себя") ', '18');
INSERT INTO `courses_accounting`.`lessons` (`id`, `sequence_number`, `name`, `id_courses`) VALUES ('256 ', '7 ', 'CMS Joomla (Интернет магазин - начало) ', '18');
INSERT INTO `courses_accounting`.`lessons` (`id`, `sequence_number`, `name`, `id_courses`) VALUES ('257 ', '8 ', 'CMS Joomla (Создание каталога товаров) ', '18');
INSERT INTO `courses_accounting`.`lessons` (`id`, `sequence_number`, `name`, `id_courses`) VALUES ('258 ', '9 ', 'CMS Joomla (Массовая загрузка товаров) ', '18');
INSERT INTO `courses_accounting`.`lessons` (`id`, `sequence_number`, `name`, `id_courses`) VALUES ('259 ', '10 ', 'CMS Joomla (Оплата и доставка) ', '18');
INSERT INTO `courses_accounting`.`lessons` (`id`, `sequence_number`, `name`, `id_courses`) VALUES ('260 ', '11 ', 'CMS Joomla (Финальное занятие) ', '18');
INSERT INTO `courses_accounting`.`lessons` (`id`, `sequence_number`, `name`, `id_courses`) VALUES ('261 ', '12 ', 'CMS WORDPRESS (Начало) ', '18');
INSERT INTO `courses_accounting`.`lessons` (`id`, `sequence_number`, `name`, `id_courses`) VALUES ('262 ', '13 ', 'CMS WORDPRESS (Работа с контентом) ', '18');
INSERT INTO `courses_accounting`.`lessons` (`id`, `sequence_number`, `name`, `id_courses`) VALUES ('263 ', '14 ', 'CMS WORDPRESS (Расширение возможностей сата) ', '18');
INSERT INTO `courses_accounting`.`lessons` (`id`, `sequence_number`, `name`, `id_courses`) VALUES ('264 ', '15 ', 'CMS WORDPRESS (Плагины) ', '18');
INSERT INTO `courses_accounting`.`lessons` (`id`, `sequence_number`, `name`, `id_courses`) VALUES ('265 ', '16 ', 'CMS WORDPRESS (Финальное занятие) ', '18');
INSERT INTO `courses_accounting`.`lessons` (`id`, `sequence_number`, `name`, `id_courses`) VALUES ('266 ', '17 ', 'CMS DRUPAL (Начало) ', '18');
INSERT INTO `courses_accounting`.`lessons` (`id`, `sequence_number`, `name`, `id_courses`) VALUES ('267 ', '18 ', 'CMS DRUPAL (работа с контентом) ', '18');
INSERT INTO `courses_accounting`.`lessons` (`id`, `sequence_number`, `name`, `id_courses`) VALUES ('268 ', '19 ', 'CMS DRUPAL (расширение возможностей сайта) ', '18');
INSERT INTO `courses_accounting`.`lessons` (`id`, `sequence_number`, `name`, `id_courses`) VALUES ('269 ', '20 ', 'Оптимизация и продвижение сайта ', '18');
INSERT INTO `courses_accounting`.`lessons` (`id`, `sequence_number`, `name`, `id_courses`) VALUES ('270 ', '21 ', 'Продвижение сайта в интернете ', '18');

INSERT INTO `courses_accounting`.`lessons` (`id`, `sequence_number`, `name`, `id_courses`) VALUES ('271 ', '1 ', 'Компьютер как он есть, правила эксплуатации компьютера. ', '19');
INSERT INTO `courses_accounting`.`lessons` (`id`, `sequence_number`, `name`, `id_courses`) VALUES ('272 ', '2 ', 'Работа с клавиатурой и мышью ', '19');
INSERT INTO `courses_accounting`.`lessons` (`id`, `sequence_number`, `name`, `id_courses`) VALUES ('273 ', '3 ', 'Операционная система Windows и ее компоненты ', '19');
INSERT INTO `courses_accounting`.`lessons` (`id`, `sequence_number`, `name`, `id_courses`) VALUES ('274 ', '4 ', 'Файлы и папки ', '19');
INSERT INTO `courses_accounting`.`lessons` (`id`, `sequence_number`, `name`, `id_courses`) VALUES ('275 ', '5 ', 'Стандартные программы Windows, о которых следует знать ', '19');
INSERT INTO `courses_accounting`.`lessons` (`id`, `sequence_number`, `name`, `id_courses`) VALUES ('276 ', '6 ', 'Как самостоятельно устанавливать и удалять программы ', '19');
INSERT INTO `courses_accounting`.`lessons` (`id`, `sequence_number`, `name`, `id_courses`) VALUES ('277 ', '7 ', 'Пакет Microsoft Office ', '19');
INSERT INTO `courses_accounting`.`lessons` (`id`, `sequence_number`, `name`, `id_courses`) VALUES ('278 ', '8 ', 'Как войти в интернет ', '19');
INSERT INTO `courses_accounting`.`lessons` (`id`, `sequence_number`, `name`, `id_courses`) VALUES ('279 ', '9 ', 'Электронная почта ', '19');
INSERT INTO `courses_accounting`.`lessons` (`id`, `sequence_number`, `name`, `id_courses`) VALUES ('280 ', '10 ', 'Программа Skype ', '19');
INSERT INTO `courses_accounting`.`lessons` (`id`, `sequence_number`, `name`, `id_courses`) VALUES ('281 ', '11 ', 'Социальные сети ', '19');
INSERT INTO `courses_accounting`.`lessons` (`id`, `sequence_number`, `name`, `id_courses`) VALUES ('282 ', '12 ', 'Информационно-поисковые ресурсы в интернете ', '19');
INSERT INTO `courses_accounting`.`lessons` (`id`, `sequence_number`, `name`, `id_courses`) VALUES ('283 ', '13 ', 'Полезные советы начинающему пользователю ', '19');

INSERT INTO `courses_accounting`.`lessons` (`id`, `sequence_number`, `name`, `id_courses`) VALUES ('284 ', '1 ', 'Как войти в интернет ', '20');
INSERT INTO `courses_accounting`.`lessons` (`id`, `sequence_number`, `name`, `id_courses`) VALUES ('285 ', '2 ', 'Электронная почта ', '20');
INSERT INTO `courses_accounting`.`lessons` (`id`, `sequence_number`, `name`, `id_courses`) VALUES ('286 ', '3 ', 'Программа Skype ', '20');
INSERT INTO `courses_accounting`.`lessons` (`id`, `sequence_number`, `name`, `id_courses`) VALUES ('287 ', '4 ', 'Социальные сети ', '20');
INSERT INTO `courses_accounting`.`lessons` (`id`, `sequence_number`, `name`, `id_courses`) VALUES ('288 ', '5 ', 'Информационно-поисковые ресурсы в интернете ', '20');

INSERT INTO `courses_accounting`.`lessons` (`id`, `sequence_number`, `name`, `id_courses`) VALUES ('289 ', '1 ', 'Основные понятия и составляющие цифрового изображения ', '21');
INSERT INTO `courses_accounting`.`lessons` (`id`, `sequence_number`, `name`, `id_courses`) VALUES ('290 ', '2 ', 'Инструмент Paintbrush (Кисть) для свободного рисования ', '21');
INSERT INTO `courses_accounting`.`lessons` (`id`, `sequence_number`, `name`, `id_courses`) VALUES ('291 ', '3 ', 'Работа с цветом в Adobe Photoshop ', '21');
INSERT INTO `courses_accounting`.`lessons` (`id`, `sequence_number`, `name`, `id_courses`) VALUES ('292 ', '4 ', 'Способы выделения фрагментов изображения ', '21');
INSERT INTO `courses_accounting`.`lessons` (`id`, `sequence_number`, `name`, `id_courses`) VALUES ('293 ', '5 ', 'Логические операции над областями выделения и их трансформирование ', '21');
INSERT INTO `courses_accounting`.`lessons` (`id`, `sequence_number`, `name`, `id_courses`) VALUES ('294 ', '6 ', 'Использование слоев для организации работы с фрагментами изображения ', '21');
INSERT INTO `courses_accounting`.`lessons` (`id`, `sequence_number`, `name`, `id_courses`) VALUES ('295 ', '7 ', 'Совмещение изображений при создании коллажа ', '21');
INSERT INTO `courses_accounting`.`lessons` (`id`, `sequence_number`, `name`, `id_courses`) VALUES ('296 ', '8 ', 'Ретушь изображения ', '21');
INSERT INTO `courses_accounting`.`lessons` (`id`, `sequence_number`, `name`, `id_courses`) VALUES ('297 ', '9 ', 'Основные приемы работы с колористической информацией изображения ', '21');
INSERT INTO `courses_accounting`.`lessons` (`id`, `sequence_number`, `name`, `id_courses`) VALUES ('298 ', '10 ', 'Эффекты Photoshop ', '21');

INSERT INTO `courses_accounting`.`lessons` (`id`, `sequence_number`, `name`, `id_courses`) VALUES ('299 ', '1 ', 'Графический редактор CorelDRAW ', '22');
INSERT INTO `courses_accounting`.`lessons` (`id`, `sequence_number`, `name`, `id_courses`) VALUES ('300 ', '2 ', 'Ключевые элементы CorelDRAW: кривые, узлы, контуры и заливки ', '22');
INSERT INTO `courses_accounting`.`lessons` (`id`, `sequence_number`, `name`, `id_courses`) VALUES ('301 ', '3 ', 'Работа с текстом ', '22');
INSERT INTO `courses_accounting`.`lessons` (`id`, `sequence_number`, `name`, `id_courses`) VALUES ('302 ', '4 ', 'Создание пользовательских стилей и сценариев ', '22');
INSERT INTO `courses_accounting`.`lessons` (`id`, `sequence_number`, `name`, `id_courses`) VALUES ('303 ', '5 ', 'Преобразования объектов в CorelDRAW ', '22');
INSERT INTO `courses_accounting`.`lessons` (`id`, `sequence_number`, `name`, `id_courses`) VALUES ('304 ', '6 ', 'Эффекты CorelDRAW: перспектива, изгибающие оболочки, перетекание ', '22');
INSERT INTO `courses_accounting`.`lessons` (`id`, `sequence_number`, `name`, `id_courses`) VALUES ('305 ', '7 ', 'Эффекты CorelDRAW: экструзия, окаймление, линзы ', '22');
INSERT INTO `courses_accounting`.`lessons` (`id`, `sequence_number`, `name`, `id_courses`) VALUES ('306 ', '8 ', 'Создание графики для World Wide Web ', '22');

INSERT INTO `courses_accounting`.`lessons` (`id`, `sequence_number`, `name`, `id_courses`) VALUES ('307 ', '1 ', 'Как устроиться работать в IT компанию. ', '23');
INSERT INTO `courses_accounting`.`lessons` (`id`, `sequence_number`, `name`, `id_courses`) VALUES ('308 ', '2 ', 'Свободное плавание – начинаем работать на себя ', '23');

INSERT INTO `courses_accounting`.`lessons` (`id`, `sequence_number`, `name`, `id_courses`) VALUES ('309 ', '1 ', 'Введение в Интернет-маркетинг ', '24');
INSERT INTO `courses_accounting`.`lessons` (`id`, `sequence_number`, `name`, `id_courses`) VALUES ('310 ', '2 ', 'Аудитория Интернет-ресурса ', '24');
INSERT INTO `courses_accounting`.`lessons` (`id`, `sequence_number`, `name`, `id_courses`) VALUES ('311 ', '3 ', 'Поисковая оптимизация ', '24');
INSERT INTO `courses_accounting`.`lessons` (`id`, `sequence_number`, `name`, `id_courses`) VALUES ('312 ', '4 ', 'Веб-сайт как инструмент маркетинга ', '24');
INSERT INTO `courses_accounting`.`lessons` (`id`, `sequence_number`, `name`, `id_courses`) VALUES ('313 ', '5 ', 'Классический инструментарий Интернет-маркетинга ', '24');
INSERT INTO `courses_accounting`.`lessons` (`id`, `sequence_number`, `name`, `id_courses`) VALUES ('314 ', '6 ', 'Продвижение через социальные медиа ', '24');
INSERT INTO `courses_accounting`.`lessons` (`id`, `sequence_number`, `name`, `id_courses`) VALUES ('315 ', '7 ', 'Google AdWords ', '24');
INSERT INTO `courses_accounting`.`lessons` (`id`, `sequence_number`, `name`, `id_courses`) VALUES ('316 ', '8 ', 'Устойчивость и эффективность маркетинговой работы ', '24');
INSERT INTO `courses_accounting`.`lessons` (`id`, `sequence_number`, `name`, `id_courses`) VALUES ('317 ', '9 ', 'Итоговое занятие. Блиц-опрос ', '24');




